{
  "metrics": {
    "accuracy": 0.2,
    "perClass": {
      "0": {
        "precision": 0,
        "recall": 0.0,
        "f1": 0,
        "support": 2
      },
      "3": {
        "precision": 0,
        "recall": 0.0,
        "f1": 0,
        "support": 6
      },
      "4": {
        "precision": 0.2,
        "recall": 1.0,
        "f1": 0.33333333333333337,
        "support": 2
      }
    },
    "macroPrecision": 0.06666666666666667,
    "macroRecall": 0.3333333333333333,
    "macroF1": 0.11111111111111112,
    "weightedF1": 0.06666666666666668
  }
}